feature,rho_t+1,rho_t+2,rho_t+3,rho_t+4,rho_t+5,max_abs_future_rho,suspect,ic_vs_gap1,max_abs_ic_vs_targets,suspect_target,suspect_gap1,suspect_future,leak_suspect
C_on_sum_5,0.004271215986443732,-0.0051634976150524824,-0.008657493278245955,-0.009371881543316515,-0.013006494359567815,0.013006494359567815,False,0.11749941923720386,0.05416886465166563,False,False,False,False
C_on_sum_20,-0.00657367008103981,-0.005449461849063644,-0.008055883818765734,-0.011910127211854882,-0.010395569507980774,0.011910127211854882,False,0.12861027789751717,0.06009023843856078,False,False,False,False
C_on_sum_60,-0.007803346529298652,-0.007995334041408274,-0.007181181490133342,-0.00984925831050756,-0.0057355489044801505,0.00984925831050756,False,0.13477538908034964,0.06641135236534712,False,False,False,False
C_id_sum_5,0.0003440447860696816,-0.012824037127254452,-0.013753612236616487,-0.013277801985039545,-0.015557551338754272,0.015557551338754272,False,-0.046563048810859695,0.028587851479511536,False,False,False,False
C_id_sum_20,-0.003967250691133155,-0.008551694481360525,0.0005588595088732244,0.002604556358861729,0.004541960169816176,0.008551694481360525,False,-0.06155939584324717,0.011337256730934305,False,False,False,False
C_id_sum_60,0.003725441865364239,-0.003095390994641181,0.0006301043297929367,0.0047968115094037846,0.011098175923183032,0.011098175923183032,False,-0.07014180903195272,0.026396998170318094,False,False,False,False
C_tug_20,0.002674519588997994,0.006564687315983223,-0.0022597744531223313,-0.0071705086568504975,-0.007998039945415017,0.007998039945415017,False,0.09829870972894311,0.03200976434832168,False,False,False,False
C_tug_60,-0.007303919587362782,-0.0010854343524582422,-0.0045845378132939735,-0.009384476642410761,-0.01072644671618794,0.01072644671618794,False,0.11001941067683593,0.04861646783845179,False,False,False,False
C_on_absshare_20,0.00648098863778683,0.0064397212895853755,0.008410263834181145,0.00685480278601424,0.00836868715173866,0.008410263834181145,False,0.021059394355843124,0.007142607892480528,False,False,False,False
C_on_id_volratio_60,0.003346122677333243,0.003883127743589149,0.0074563816049979595,0.005129079955108546,0.004800138620433133,0.0074563816049979595,False,0.0004414833746216562,0.004761713065637237,False,False,False,False
C_on_posfrac_20,0.0015816895753137635,-0.0019448662241294556,-0.003839951632416339,-0.008433318579926762,-0.0065223481178367515,0.008433318579926762,False,0.09323758431250925,0.03423818655930728,False,False,False,False
C_id_posfrac_20,0.0036234530373288167,0.0005127875995379186,0.004218690438401219,0.007244473069686138,0.009353741748182143,0.009353741748182143,False,-0.0554390782275626,0.018765697309351712,False,False,False,False
C_on_excess_20,-0.012418821719795756,-0.009448103121323234,-0.011236955536631017,-0.013254156681726031,-0.010437203664026307,0.013254156681726031,False,0.12861134303486363,0.060090360251489755,False,False,False,False
C_id_excess_20,-0.008536653466232828,-0.007742722297024768,0.0027674106092274264,0.0029201809102642477,0.006198149579770414,0.008536653466232828,False,-0.061557448810767815,0.011337075050498302,False,False,False,False
C_beta_60,-0.018359562980379104,-0.018420746581995853,-0.018367342965082686,-0.01745734913837708,-0.014496355283279933,0.018420746581995853,False,0.06644205994937548,0.044104982521591306,False,False,False,False
C_beta_down_120,-0.014172211866328171,-0.014809765553295579,-0.018162178695645213,-0.014742451588000808,-0.015696880105433325,0.018162178695645213,False,0.06535044111150748,0.0401652779136047,False,False,False,False
C_beta_updown_120,0.0004342121884067403,0.002423283092827109,0.002332581790313793,0.0011205636931610127,0.004196020781019586,0.004196020781019586,False,-0.014944694915474666,0.006745396327915364,False,False,False,False
C_beta_on_60,-0.014410492205007643,-0.01299833199094136,-0.014996733484496273,-0.014789299370011747,-0.009484048986247563,0.014996733484496273,False,0.050618288831890575,0.03670839127232706,False,False,False,False
C_beta_id_60,-0.017686493030621087,-0.01781439305925,-0.019310422842120152,-0.01673494096945164,-0.016093835463725063,0.019310422842120152,False,0.0663961204888402,0.044004087350313296,False,False,False,False
C_r2_60,0.005162365682385562,0.0030718150042865033,0.0014557155376014696,-0.0010229914267850188,-0.0024439110600417255,0.005162365682385562,False,0.011663031665188998,0.0033249502900701876,False,False,False,False
C_idio_vol_60,-0.024309411888633014,-0.02368673174953303,-0.022492664199552138,-0.020711348093647233,-0.017497723064068063,0.024309411888633014,False,0.0906630812722792,0.06710557684068877,False,False,False,False
C_delay_120,-0.000591435471569619,-0.0009166038368017887,0.0033909243676748854,0.00483445632968338,0.0043566240457643445,0.00483445632968338,False,-0.01722606309197093,0.006325904659051097,False,False,False,False
C_lagbeta_120,-0.007401383605358699,-0.005286329090280369,-0.007831471560231187,-0.011890647186814186,-0.012255837414317444,0.012255837414317444,False,0.02095780460958143,0.016286727725473973,False,False,False,False
C_coskew_120,-0.019535680862893024,-0.015351420806558805,-0.015374470048822883,-0.012766567284224876,-0.015352089931334956,0.019535680862893024,False,-0.019127812690078832,0.003455778621717283,False,False,False,False
C_resid_1d,-0.019138130208884482,-0.019945474471847146,-0.010318982062726793,0.004316759260692244,-0.0011432861509506388,0.019945474471847146,False,0.03775099108214814,0.04417529078377669,False,False,False,False
C_resid_5d,-0.023742053763203652,-0.014458923799218698,-0.007065315948957786,-0.001603589486207277,-0.005903889070651558,0.023742053763203652,False,-0.0015940272649492514,0.04416950413466823,False,False,False,False
C_resid_20d,-0.017422238195686432,-0.012761223514831227,-0.002547371027731118,-0.0026885053565488034,-0.002034486300125856,0.017422238195686432,False,-0.0032039710346829977,0.022176559361188047,False,False,False,False
C_resid_5d_z,-0.023997699764043437,-0.015103705125373498,-0.007929113176946594,-0.00284590848753072,-0.006733856631716651,0.023997699764043437,False,0.00046247233070441737,0.045166096774264454,False,False,False,False
C_resid_20d_z,-0.017453440717362108,-0.011725915119797278,-0.0025065313202738814,-0.002774952473206097,-0.0022160935245195915,0.017453440717362108,False,-0.002487953322130025,0.022734796575546588,False,False,False,False
C_resid_mom_z,0.0030823544935196776,-0.0005648370291192436,0.002222977780355893,0.00240992498862233,0.006013523528584709,0.006013523528584709,False,0.006110377368713464,0.003942652007185579,False,False,False,False
C_idio_skew_60,-0.009418796968340443,-0.01004125450717178,-0.009998889439298863,-0.013913855445657583,-0.010017346270607425,0.013913855445657583,False,0.0309823045903005,0.0256617367077114,False,False,False,False
C_max1_resid_21,-0.026337331408236544,-0.0236646821835031,-0.02047725893543295,-0.018752465640425566,-0.01948205442779208,0.026337331408236544,False,0.06302296356630985,0.05640143913401959,False,False,False,False
C_max1_21,-0.021379547393554046,-0.02187237039524475,-0.0192550690672467,-0.01844782971456021,-0.01711988641927309,0.02187237039524475,False,0.06609794473394966,0.055459926483159866,False,False,False,False
C_max5_21,-0.0221299279635007,-0.023415800332609534,-0.020333590022754304,-0.018487130117171673,-0.017792279369326324,0.023415800332609534,False,0.07198073235807512,0.060665122005662514,False,False,False,False
C_min1_21,0.010469107785588277,0.011492605710586336,0.01349525160749903,0.014008392967941553,0.01512194013352416,0.01512194013352416,False,-0.06537410998889855,0.042997582509854235,False,False,False,False
C_maxmin_21,-0.01927853521876839,-0.017680561843258395,-0.012566700816268397,-0.011058649772740297,-0.010111102504828065,0.01927853521876839,False,0.02422521050252027,0.03017307876337017,False,False,False,False
C_max_to_vol,-0.008601621801107458,-0.010792907090729286,-0.008044658953781014,-0.006445687364457419,-0.006681720822552357,0.010792907090729286,False,0.011235879629768453,0.01742549619370307,False,False,False,False
C_cs_spread_20,-0.01829492247614216,-0.01537642790590928,-0.014619991570868617,-0.015542362889110695,-0.014817746711500584,0.01829492247614216,False,0.07533857737019747,0.047418961559987934,False,False,False,False
C_cs_spread_60,-0.01700349985715006,-0.015911503093286185,-0.014537408722314123,-0.014452215577949972,-0.014041295036778425,0.01700349985715006,False,0.08624492166015574,0.054944240885417536,False,False,False,False
C_ar_spread_20,-0.007008106734953373,-0.0035335825173068605,-0.003742556213245746,-0.0008274464326598919,-0.0023685669632726096,0.007008106734953373,False,0.009490104354538419,0.007271933034731407,False,False,False,False
C_ar_spread_60,-0.0038416934317478256,-0.0031479746194155024,0.002140101246720156,0.0035832709711334752,0.0016308677899579966,0.0038416934317478256,False,-0.0010566225354791774,0.003161017594383826,False,False,False,False
C_zero_ret_frac_60,-0.002757845945392013,-0.004608852924397412,-0.002824798819159239,-0.001717355936006782,-0.0019220600406864908,0.004608852924397412,False,0.023917425647339088,0.013561303752112801,False,False,False,False
C_frozen_frac_20,-0.007930182995584314,-0.007835676591617581,-0.004621637736783237,-0.0011828599279865555,-0.00374370046009827,0.007930182995584314,False,-0.0004704546302157231,0.01745566249848107,False,False,False,False
C_turn_shock_1,0.010805650111665628,-0.006469039948466627,-0.000183057206960056,-0.00019397601254762906,-0.0031500529678381234,0.010805650111665628,False,0.07406222396821878,0.03399960874132398,False,False,False,False
C_turn_shock_5,-0.007120371065219148,-0.012035946158830366,-0.002273884690181261,-0.0028341436239014647,-0.00257717709309001,0.012035946158830366,False,0.047620003745634666,0.03620822392681342,False,False,False,False
C_turn_cv_20,-0.016727946953498704,-0.01584632169553573,-0.01418030139712401,-0.014693316649752593,-0.012893072399943084,0.016727946953498704,False,0.04106642750625286,0.03784131361554705,False,False,False,False
C_amihud_shock,-0.005553955961334566,-0.0005983603782657244,-0.004167364927730511,-0.005463367365730766,-0.007556304530627539,0.007556304530627539,False,-0.054228241845722364,0.019063061143579137,False,False,False,False
C_pv_corr_20,-0.01807117697817956,-0.01655810930126123,-0.010990428205767516,-0.009858330371822387,-0.008595099500072343,0.01807117697817956,False,0.02220051051357452,0.028865700433878965,False,False,False,False
C_absret_turn_corr_20,-0.013160571179352898,-0.016279621655447288,-0.01363047003381965,-0.009075323081863896,-0.00779337155597704,0.016279621655447288,False,0.03283628858379136,0.026124952667384224,False,False,False,False
C_lock_up,0.05573721756627965,0.008604169479760206,-0.0004912291164197527,0.002268999011553857,-0.0027542906195361736,0.05573721756627965,False,0.08685013883545852,0.016463339951989165,False,False,False,False
C_lock_dn,-0.03387547626853597,-0.010106022145778356,-0.005072994896724872,-0.008447985507756665,-0.0071470927109745135,0.03387547626853597,False,-0.07353194664490144,0.017027907619309095,False,False,False,False
C_n_lock_up_20,-0.00999850784060738,-0.011028426550084406,-0.009543720163069263,-0.010789766078681491,-0.008557963944818102,0.011028426550084406,False,0.043746689213963914,0.03100131845989535,False,False,False,False
C_n_lock_dn_20,-0.013181836535632823,-0.007116325747933538,-0.004552370938467322,-0.003696928009472327,-0.005805566769724342,0.013181836535632823,False,0.013948598986486333,0.025871180611537804,False,False,False,False
C_n_lock_dn_60,-0.01056160654665455,-0.007921733497249698,-0.005797544557855368,-0.005501275960319824,-0.00574107577561584,0.01056160654665455,False,0.036672351633059944,0.026530950845376305,False,False,False,False
C_days_since_lock_dn,0.015485010372420754,0.011428213561246037,0.012293069143254868,0.013073153646710037,0.010592846173918891,0.015485010372420754,False,-0.05906868018048588,0.03890127739689455,False,False,False,False
C_days_since_lock_up,0.0187125869520669,0.01651580196247108,0.016392718610535123,0.020017607268448416,0.014516625515431703,0.020017607268448416,False,-0.0736238896424527,0.04792819034409559,False,False,False,False
C_streak_lock_dn,-0.033874319496816,-0.010129981712288771,-0.005094196985798358,-0.008456616383990107,-0.007149230944167038,0.033874319496816,False,-0.0735770800173756,0.017051667961609757,False,False,False,False
C_streak_lock_up,0.05575412477017887,0.00861956113925808,-0.000475726552185887,0.0022770205436785196,-0.0027444429769891473,0.05575412477017887,False,0.0868543799987147,0.01647961386260728,False,False,False,False
C_open_lock_dn_20,-0.009303802871755976,-0.006648864671873231,-0.006287998249520614,-0.001689082899312555,-0.00426840858986441,0.009303802871755976,False,-0.005277161663159233,0.013291745284015803,False,False,False,False
C_band_proxy_250,-0.01984699430165026,-0.019573776342450076,-0.019618049975613866,-0.020434891256190066,-0.017473506431634953,0.020434891256190066,False,0.07589125850818919,0.05524944670153764,False,False,False,False
C_ret_to_band,0.022588288733085805,-0.010862158680779431,-0.010005233388940252,0.0017837265987821099,0.007706269358078875,0.022588288733085805,False,0.038483540434085195,0.045833706355446514,False,False,False,False
C_dist_ema20_atr,-0.0031537406852847516,-0.012723370224960758,-0.006312191791138456,-0.0035472120335438254,-0.0025920667265688273,0.012723370224960758,False,-0.004683543213777886,0.03332910155604863,False,False,False,False
C_dist_sma50_atr,-0.0010345492842251953,-0.007507941238824097,-0.0002950546498983365,0.00055928174069459,0.003620186235447396,0.007507941238824097,False,-0.0051448593188805295,0.01756861226577379,False,False,False,False
C_dist_sma200_atr,0.008137612196733592,0.003238009561048663,0.00511120183748774,0.007949807681009821,0.014719287852152157,0.014719287852152157,False,0.003074064722042139,0.0084564145165592,False,False,False,False
C_dist_vwap20_atr,-0.0019096248470370305,-0.009111574903942942,-0.003082089231664247,-0.0004698653228017435,0.0002607900345923093,0.009111574903942942,False,-0.01705944671308702,0.02298434359810529,False,False,False,False
C_dist_vwap60_atr,0.0023884482026953597,-0.00428630704851715,0.0033491040270838836,0.004125361272055989,0.007898241274068326,0.007898241274068326,False,-0.016017286535099304,0.006344427598624522,False,False,False,False
C_ema20_ema50_atr,0.005771759549311211,0.002035769743647372,0.006317327483346646,0.005031025931398335,0.012105557086857618,0.012105557086857618,False,-0.0055455776299301925,0.008510460094982766,False,False,False,False
C_close_typical_atr,0.026606061709431927,-0.014929955947065587,-0.010423204143937824,0.006557885645111188,0.00974046450582887,0.026606061709431927,False,-0.03290628764036205,0.019616147104627935,False,False,False,False
C_clv,0.033905333253242555,-0.010820769574889873,-0.005667550198046566,0.00755642836616764,0.010434629666314834,0.033905333253242555,False,-0.033139363479416394,0.015206993022192016,False,False,False,False
C_clv_mean_5,0.014813788838517828,0.002247280267418849,-0.0007649391088243718,0.00042065109902075646,-0.0020561753949249755,0.014813788838517828,False,-0.07433879801399695,0.014035432750633908,False,False,False,False
C_clv_mean_20,0.010863737621806913,0.00872756558490377,0.011503847588119337,0.016136786447220094,0.018625313835729032,0.018625313835729032,False,-0.08540166316958434,0.03931742524249907,False,False,False,False
C_upper_shadow_atr,-0.008822373708353272,-0.007093413798881962,-0.006375304847337627,-0.002284007288524605,-0.00031855018908455744,0.008822373708353272,False,0.043392037941695195,0.018726263198645697,False,False,False,False
C_lower_shadow_atr,0.01198255580646863,0.0007630400009760307,0.00474581356055538,0.007488340185782313,0.004799267905903094,0.01198255580646863,False,-0.04255578879096997,0.011558939445954802,False,False,False,False
C_range_pctile_250,-0.002061789438417087,-0.0048605995436558705,0.0013692404715604384,-0.00022494577059996082,-0.0012244601889162072,0.0048605995436558705,False,0.07650793312971245,0.04150998621791051,False,False,False,False
C_turn_pctile_250,0.009554148767626391,-0.0058681527612081605,0.0018057001272479974,0.0016209682762746667,0.0006489100039459715,0.009554148767626391,False,0.09473756560554084,0.043281684036514514,False,False,False,False
C_absret_pctile_250,0.007619176503837262,-0.0025085370068509407,-0.0003983982889070277,-0.005328817790081189,-0.0065150021696944406,0.007619176503837262,False,0.06494320775613874,0.027879801553254344,False,False,False,False
C_ret_z_60,0.022998593754535897,-0.011270147636033656,-0.010389224285228881,0.0014875422172032165,0.008309765414230643,0.022998593754535897,False,0.03750530502451173,0.04375112047077165,False,False,False,False
C_on_z_60,0.015618507185456985,0.008558153806312386,0.0031260783285604497,-0.006061288906125702,-0.004368858353109046,0.015618507185456985,False,0.0864029278225565,0.03128802148185076,False,False,False,False
C_id_z_60,0.019068289291998344,-0.017971127641599742,-0.01344352069869455,0.00396645806436193,0.00853456257495168,0.019068289291998344,False,0.003690123084321284,0.03197710342213121,False,False,False,False
C_eff_10,0.004624765049972123,-0.0019471988700509853,-0.0005442494562681385,0.002833153917287246,0.0031318882282121716,0.004624765049972123,False,0.02343393441993682,0.010111443075077421,False,False,False,False
C_eff_20,0.0005693432724625613,-0.004458233959336351,-0.002354268863777997,-0.0007419272307065879,0.0004979745189754389,0.004458233959336351,False,0.021474983113155044,0.012476194079463333,False,False,False,False
C_streak,0.018894325274503958,-0.005863111043943148,-0.004637683455262775,0.002951368596669762,0.002808769175043277,0.018894325274503958,False,0.023229794070617843,0.03795469658554611,False,False,False,False
C_days_since_hi250,-0.008916419543276325,-0.005179133301019621,-0.005904565777015984,-0.008423645362411728,-0.012392354001158332,0.012392354001158332,False,-0.02012873839914413,0.012220823203790534,False,False,False,False
C_days_since_lo250,0.012448811729353181,0.0069792030121112614,0.009827720635648117,0.004944451440387944,0.009627679765826446,0.012448811729353181,False,0.0002823734939124075,0.019697254206157686,False,False,False,False
C_mom_12_1,0.007735721822002297,0.003590119490260649,0.0058228766855459475,0.0035112850163040144,0.007725097461455722,0.007735721822002297,False,0.03380442857620727,0.013832989302844956,False,False,False,False
C_mom_6_1,0.008803282159750805,0.002740806939350453,0.0014246431917984688,0.005136139931547651,0.0078494106194435,0.008803282159750805,False,0.02332615976092896,0.010674193053523278,False,False,False,False
C_fip_id,-0.004241940452835988,-0.009218496482029815,0.00038210977172726575,-0.0067931426009567525,-0.0029729724795594255,0.009218496482029815,False,0.008882440636780476,0.0060537819295176315,False,False,False,False
C_ret_2_5,-0.006452945327985697,-0.007051277316366469,-0.011057034613105594,-0.01613278166592261,-0.023433230037191728,0.023433230037191728,False,-0.020467489942240236,0.028926222097303226,False,False,False,False
C_season_month,0.01604408393625498,0.010476569589569733,0.008997555055372414,0.005626098018810787,0.010845792005332007,0.01604408393625498,False,-0.0003190892138666326,0.009640494656566974,False,False,False,False
I_cgw_1,-0.027565693891246384,-0.021855656436144472,-0.015785383773771425,-0.0040672831299969235,-0.004709263869807661,0.027565693891246384,False,0.04064468969860939,0.03253166524803073,False,False,False,False
I_cgw_5,-0.005092515987534869,-0.009589830277823938,-0.010657473166617174,-0.006323244682720403,-0.006753798610363075,0.010657473166617174,False,0.012027575097978067,0.019337780358802518,False,False,False,False
I_gap_turn,-0.005344058303147466,-0.0046297167942287824,-0.003426576650425072,-0.0004501765515988691,-0.004095104504976175,0.005344058303147466,False,0.035303986123317865,0.01898667203678891,False,False,False,False
I_id_turn,-0.019803959976793475,-0.01881359787760492,-0.013997515622431934,-0.0032899657282442975,-0.0034476133101496087,0.019803959976793475,False,0.03657637919365737,0.025805485980069362,False,False,False,False
I_rev_spread,-0.02542969620578965,-0.014079699341194003,-0.005989180662319072,-0.0010791081924282665,-0.00523132064021298,0.02542969620578965,False,-0.0029632607636773866,0.0437219944917832,False,False,False,False
I_max_spread,-0.0242239110277543,-0.02130913458952155,-0.01980057766743592,-0.020836252444261655,-0.01976261207124096,0.0242239110277543,False,0.08200011540143312,0.05865543105001131,False,False,False,False
I_beta_mkt,0.07861575941879084,0.021374267111230482,0.004148016707149385,-0.003571860901528228,0.013774797581237612,0.07861575941879084,False,0.02161533355617202,0.000993420760797138,False,False,False,False
I_beta_vix,-0.05031603894710303,-0.0015429531465732608,0.002820324951558794,-0.0063773366191806485,0.004554345783044201,0.05031603894710303,False,-0.0016682453955117413,0.0043768912203567475,False,False,False,False
I_lowvol_dd,-0.015420251550127528,-0.023047213426164777,-0.0240085449166573,-0.01970945569390711,-0.014866395656166839,0.0240085449166573,False,0.09013369797636102,0.06065906969125601,False,False,False,False
I_hi52_turn,0.00574999167280243,0.006818928680456256,0.0005832175024017316,0.003588391787090787,0.0027138290127747375,0.006818928680456256,False,-0.03079436494470127,0.02693508429793334,False,False,False,False
I_tug_turn,0.008937174973230537,0.012133238792112477,0.004124807950349739,0.0006580295139168206,-0.0002546536042198434,0.012133238792112477,False,0.04862184672398541,0.004605061163180832,False,False,False,False
I_lockdn_turn,0.006996559250830415,0.0007639444970199233,-0.0009952712995413976,0.009101754342578355,0.003318739456801277,0.009101754342578355,False,0.012770516845742689,0.006872200999079876,False,False,False,False
I_mdi_vol,0.0013483468735777976,0.012683931374160476,0.011610403397676917,-0.0010975734579390286,0.001097061362380234,0.012683931374160476,False,-0.0673960469894373,0.06047050819878142,False,False,False,False
I_wq44_turn,0.009664616612676436,0.01228353196210427,0.008886651656210104,0.007249669422509359,0.006224933359423822,0.01228353196210427,False,-0.041182037566444785,0.034527869585989905,False,False,False,False
I_rev_disp,0.025293488949412527,-0.01101733742257873,-0.00993258721721682,0.0023501779959351206,0.009597227507855592,0.025293488949412527,False,0.040378343319720386,0.04387972607691496,False,False,False,False
I_on_turn20,-3.061231640915814e-05,-0.004410807982792392,-0.0004961299619479083,0.0011578643129774155,0.00025618276228985936,0.004410807982792392,False,0.05345766211183236,0.03440378851761904,False,False,False,False
M_disp_1d,0.034471782668738446,0.024600870195624167,0.021795875914810667,0.008690519844382247,0.0032005382039308142,0.034471782668738446,False,,0.0,False,False,False,False
M_breadth_up,0.08864184895584318,0.025614480433600408,0.006860382306570059,-0.0015120686422863234,0.012566504349740588,0.08864184895584318,False,,0.0,False,False,False,False
M_share_lock_dn,-0.03132830034940088,-0.00629094233759331,-0.0005117851994414015,-0.0014655454265132698,-0.006555459215585248,0.03132830034940088,False,,0.0,False,False,False,False
M_share_lock_up,0.043755496362817635,0.013747797848216553,0.007617263165999317,0.005671565233797119,0.0017245754365849896,0.043755496362817635,False,,0.0,False,False,False,False
M_on_1d,0.03217853333318693,0.026424179156565163,0.011589685797491605,-0.01917825370469661,-0.012288834926649582,0.03217853333318693,False,,0.0,False,False,False,False
M_id_1d,0.08293302944984628,0.004700371498314914,0.003359059387677637,0.004742943938055567,0.021802978255919928,0.08293302944984628,False,,0.0,False,False,False,False
M_on_sum_20,0.011748915399332515,0.008038638272279035,0.005363580137664631,0.000894853509694977,1.0768806927273318e-05,0.011748915399332515,False,,0.0,False,False,False,False
M_id_sum_20,0.006571757110988183,-0.007446175001886021,-0.00500083130149989,-0.0009323950013147639,-0.0029668259380206427,0.007446175001886021,False,,0.0,False,False,False,False
M_disp_z_60,0.0346991209445619,0.025680556857516898,0.021394908028881467,0.00829705170373,-0.0003263658923487967,0.0346991209445619,False,,0.0,False,False,False,False
M_cal_days_to_month_end,-0.021347013257023435,-0.027052187843073026,-0.033225099831075244,-0.03260418463817067,-0.049421299341694314,0.049421299341694314,False,,0.0,False,False,False,False
PR_C_idio_vol_60,-0.030177815358617938,-0.02880919790422701,-0.02815259789130284,-0.02503848312837968,-0.02109209636928328,0.030177815358617938,False,0.0906630812722792,0.06710557684068877,False,False,False,False
PR_C_beta_60,-0.017650992501369027,-0.01778272777818112,-0.01794632825189029,-0.016889957567159386,-0.013754251874201859,0.01794632825189029,False,0.06644205994937548,0.044104982521591306,False,False,False,False
PR_C_cs_spread_20,-0.020010712579363498,-0.01614617225432784,-0.016139330652460735,-0.016819530515494,-0.015986350566598303,0.020010712579363498,False,0.07533857737019747,0.047418961559987934,False,False,False,False
PR_C_max1_21,-0.02704019152933373,-0.025282132935804873,-0.021114162709778044,-0.01973025662395747,-0.017491590289734973,0.02704019152933373,False,0.06609794473394966,0.055459926483159866,False,False,False,False
PR_C_resid_5d_z,-0.024608556748491404,-0.015593944147038026,-0.008511296033124663,-0.0027504992317533778,-0.005636541920701619,0.024608556748491404,False,0.00046247233070441737,0.045166096774264454,False,False,False,False
PR_C_tug_20,0.0028790794647120172,0.002777201722697804,-0.005131264626325101,-0.007591258908389345,-0.009167829271361045,0.009167829271361045,False,0.09829870972894311,0.03200976434832168,False,False,False,False
PR_C_turn_shock_1,-0.0049232330854140464,-0.01564714758453122,-0.006257412539506101,-0.001702562699927845,-0.006056170681328816,0.01564714758453122,False,0.07406222396821878,0.03399960874132398,False,False,False,False
PR_C_on_sum_20,-0.011849844871448544,-0.008990239245192556,-0.011025007430361916,-0.012891709724597907,-0.009971180020308596,0.012891709724597907,False,0.12861027789751717,0.06009023843856078,False,False,False,False
